fee_bps,n_stocks,overall_applicability
0,1678,0.4088200238379023
10,1678,0.3355184743742551
20,1678,0.26519666269368297
