overall_applicability_2010-2014,overall_applicability_2015-2019,overall_applicability_2020-2025
0.6246076585059636,0.5452920143027413,0.366507747318236
